{
  "Use Non-ASCII Font": false,
  "Tags": [],
  "Ansi 12 Color": {
    "Red Component": 0.83921568627450982,
    "Color Space": "sRGB",
    "Blue Component": 0.99607843137254903,
    "Alpha Component": 1,
    "Green Component": 0.59607843137254901
  },
  "Ansi 7 Color": {
    "Red Component": 0.69803921568627447,
    "Color Space": "sRGB",
    "Blue Component": 0.69803921568627447,
    "Alpha Component": 1,
    "Green Component": 0.69803921568627447
  },
  "Ansi 8 Color": {
    "Red Component": 0.26666666666666666,
    "Color Space": "sRGB",
    "Blue Component": 0.33333333333333331,
    "Alpha Component": 1,
    "Green Component": 0.25490196078431371
  },
  "Bold Color": {
    "Green Component": 0.90237069129943848,
    "Blue Component": 0.90237069129943848,
    "Red Component": 0.90237069129943848
  },
  "Ansi 9 Color": {
    "Red Component": 0.96078431372549022,
    "Color Space": "sRGB",
    "Blue Component": 0.23529411764705882,
    "Alpha Component": 1,
    "Green Component": 0.30588235294117649
  },
  "Ansi 4 Color": {
    "Red Component": 0.83921568627450982,
    "Color Space": "sRGB",
    "Blue Component": 0.99607843137254903,
    "Alpha Component": 1,
    "Green Component": 0.59607843137254901
  },
  "Right Option Key Sends": 0,
  "Rows": 25,
  "Default Bookmark": "No",
  "Cursor Guide Color": {
    "Red Component": 0.70213186740875244,
    "Color Space": "sRGB",
    "Blue Component": 1,
    "Alpha Component": 0.25,
    "Green Component": 0.9268307089805603
  },
  "Non-ASCII Anti Aliased": true,
  "Use Bright Bold": true,
  "Ansi 10 Color": {
    "Red Component": 0.45490196078431372,
    "Color Space": "sRGB",
    "Blue Component": 0.67450980392156867,
    "Alpha Component": 1,
    "Green Component": 0.72941176470588232
  },
  "Ambiguous Double Width": false,
  "Jobs to Ignore": [
    "rlogin",
    "ssh",
    "slogin",
    "telnet"
  ],
  "Ansi 15 Color": {
    "Red Component": 0.80392156862745101,
    "Color Space": "sRGB",
    "Blue Component": 0.80392156862745101,
    "Alpha Component": 1,
    "Green Component": 0.80392156862745101
  },
  "Foreground Color": {
    "Green Component": 0.90032327175140381,
    "Blue Component": 0.90032327175140381,
    "Red Component": 0.90032327175140381
  },
  "Working Directory": "\/Users\/dean",
  "Blinking Cursor": false,
  "Space": 0,
  "Sync Title": false,
  "Prompt Before Closing 2": false,
  "BM Growl": false,
  "Command": "",
  "Description": "Default",
  "Mouse Reporting": true,
  "Screen": -1,
  "Selection Color": {
    "Red Component": 0.26666666666666666,
    "Color Space": "sRGB",
    "Blue Component": 0.33333333333333331,
    "Alpha Component": 1,
    "Green Component": 0.25490196078431371
  },
  "Only The Default BG Color Uses Transparency": false,
  "Columns": 80,
  "Idle Code": 0,
  "Ansi 13 Color": {
    "Red Component": 0.36470588235294116,
    "Color Space": "sRGB",
    "Blue Component": 0.47843137254901963,
    "Alpha Component": 1,
    "Green Component": 0.30196078431372547
  },
  "Brighten Bold Text": true,
  "Custom Command": "No",
  "ASCII Anti Aliased": true,
  "Non Ascii Font": "Monaco 12",
  "Vertical Spacing": 1,
  "Use Bold Font": true,
  "Option Key Sends": 0,
  "Selected Text Color": {
    "Green Component": 1,
    "Blue Component": 1,
    "Red Component": 1
  },
  "Background Color": {
    "Red Component": 0.16078431372549021,
    "Color Space": "sRGB",
    "Blue Component": 0.1803921568627451,
    "Alpha Component": 1,
    "Green Component": 0.16862745098039217
  },
  "Character Encoding": 4,
  "Ansi 11 Color": {
    "Red Component": 0.89803921568627454,
    "Color Space": "sRGB",
    "Blue Component": 0.10980392156862745,
    "Alpha Component": 1,
    "Green Component": 0.81960784313725488
  },
  "Use Italic Font": true,
  "Unlimited Scrollback": true,
  "Keyboard Map": {
    "0xf704-0x20000": {
      "Action": 10,
      "Text": "[1;2P"
    },
    "0xf700-0x260000": {
      "Action": 10,
      "Text": "[1;6A"
    },
    "0x37-0x40000": {
      "Action": 11,
      "Text": "0x1f"
    },
    "0x32-0x40000": {
      "Action": 11,
      "Text": "0x00"
    },
    "0xf709-0x20000": {
      "Action": 10,
      "Text": "[17;2~"
    },
    "0xf70c-0x20000": {
      "Action": 10,
      "Text": "[20;2~"
    },
    "0xf729-0x20000": {
      "Action": 10,
      "Text": "[1;2H"
    },
    "0xf72b-0x40000": {
      "Action": 10,
      "Text": "[1;5F"
    },
    "0xf705-0x20000": {
      "Action": 10,
      "Text": "[1;2Q"
    },
    "0xf703-0x260000": {
      "Action": 10,
      "Text": "[1;6C"
    },
    "0xf700-0x220000": {
      "Action": 10,
      "Text": "[1;2A"
    },
    "0xf701-0x280000": {
      "Action": 11,
      "Text": "0x1b 0x1b 0x5b 0x42"
    },
    "0x6c-0x100000": {
      "Text": "",
      "Action": 0
    },
    "0x38-0x40000": {
      "Action": 11,
      "Text": "0x7f"
    },
    "0x33-0x40000": {
      "Action": 11,
      "Text": "0x1b"
    },
    "0xf703-0x220000": {
      "Action": 10,
      "Text": "[1;2C"
    },
    "0xf701-0x240000": {
      "Action": 10,
      "Text": "[1;5B"
    },
    "0xf70d-0x20000": {
      "Action": 10,
      "Text": "[21;2~"
    },
    "0xf702-0x260000": {
      "Action": 10,
      "Text": "[1;6D"
    },
    "0xf729-0x40000": {
      "Action": 10,
      "Text": "[1;5H"
    },
    "0xf706-0x20000": {
      "Action": 10,
      "Text": "[1;2R"
    },
    "0x34-0x40000": {
      "Action": 11,
      "Text": "0x1c"
    },
    "0x6b-0x100000-0x28": {
      "Label": "",
      "Action": 20,
      "Text": ""
    },
    "0xf700-0x280000": {
      "Action": 11,
      "Text": "0x1b 0x1b 0x5b 0x41"
    },
    "0x2d-0x40000": {
      "Action": 11,
      "Text": "0x1f"
    },
    "0xf70e-0x20000": {
      "Action": 10,
      "Text": "[23;2~"
    },
    "0xf702-0x220000": {
      "Action": 10,
      "Text": "[1;2D"
    },
    "0xf703-0x280000": {
      "Action": 11,
      "Text": "0x1b 0x1b 0x5b 0x43"
    },
    "0xf700-0x240000": {
      "Action": 10,
      "Text": "[1;5A"
    },
    "0xf707-0x20000": {
      "Action": 10,
      "Text": "[1;2S"
    },
    "0xf70a-0x20000": {
      "Action": 10,
      "Text": "[18;2~"
    },
    "0x35-0x40000": {
      "Action": 11,
      "Text": "0x1d"
    },
    "0xf70f-0x20000": {
      "Action": 10,
      "Text": "[24;2~"
    },
    "0xf703-0x240000": {
      "Action": 10,
      "Text": "[1;5C"
    },
    "0xf701-0x260000": {
      "Action": 10,
      "Text": "[1;6B"
    },
    "0xf702-0x280000": {
      "Action": 11,
      "Text": "0x1b 0x1b 0x5b 0x44"
    },
    "0xf72b-0x20000": {
      "Action": 10,
      "Text": "[1;2F"
    },
    "0x36-0x40000": {
      "Action": 11,
      "Text": "0x1e"
    },
    "0xf708-0x20000": {
      "Action": 10,
      "Text": "[15;2~"
    },
    "0xf701-0x220000": {
      "Action": 10,
      "Text": "[1;2B"
    },
    "0xf70b-0x20000": {
      "Action": 10,
      "Text": "[19;2~"
    },
    "0x68-0x100000": {
      "Text": "",
      "Action": 2
    },
    "0x6a-0x100000-0x26": {
      "Label": "",
      "Action": 21,
      "Text": ""
    },
    "0xf702-0x240000": {
      "Action": 10,
      "Text": "[1;5D"
    }
  },
  "Window Type": 0,
  "Blur Radius": 30,
  "Cursor Boost": 0,
  "Background Image Location": "",
  "Blur": true,
  "Badge Color": {
    "Red Component": 1,
    "Color Space": "sRGB",
    "Blue Component": 0,
    "Alpha Component": 0.5,
    "Green Component": 0.1491314172744751
  },
  "Scrollback Lines": 0,
  "Send Code When Idle": false,
  "Close Sessions On End": true,
  "Terminal Type": "xterm-256color",
  "Visual Bell": false,
  "Flashing Bell": false,
  "Silence Bell": true,
  "Ansi 14 Color": {
    "Red Component": 0.30980392156862746,
    "Color Space": "sRGB",
    "Blue Component": 0.84313725490196079,
    "Alpha Component": 1,
    "Green Component": 0.59215686274509804
  },
  "ASCII Ligatures": true,
  "Name": "Default",
  "Cursor Text Color": {
    "Green Component": 1,
    "Blue Component": 1,
    "Red Component": 1
  },
  "Shortcut": "",