{
  "Use libtickit protocol" : false,
  "Tags" : [

  ],
  "Ansi 12 Color" : {
    "Red Component" : 0.47843137254901957,
    "Color Space" : "sRGB",
    "Blue Component" : 0.96862745098039216,
    "Alpha Component" : 1,
    "Green Component" : 0.63529411764705879
  },
  "Ansi 4 Color" : {
    "Red Component" : 0.47843137254901957,
    "Color Space" : "sRGB",
    "Blue Component" : 0.96862745098039216,
    "Alpha Component" : 1,
    "Green Component" : 0.63529411764705879
  },
  "Ansi 5 Color" : {
    "Red Component" : 0.73333333333333328,
    "Color Space" : "sRGB",
    "Blue Component" : 0.96862745098039216,
    "Alpha Component" : 1,
    "Green Component" : 0.60392156862745094
  },
  "Bold Color" : {
    "Red Component" : 0.1019607843137255,
    "Color Space" : "sRGB",
    "Blue Component" : 0.61176470588235299,
    "Alpha Component" : 1,
    "Green Component" : 0.73725490196078436
  },
  "Use Non-ASCII Font" : false,
  "Right Option Key Sends" : 0,
  "Ansi 8 Color" : {
    "Red Component" : 0.25490196078431371,
    "Color Space" : "sRGB",
    "Blue Component" : 0.40784313725490201,
    "Alpha Component" : 1,
    "Green Component" : 0.28235294117647058
  },
  "Rows" : 25,
  "Default Bookmark" : "No",
  "Ansi 9 Color" : {
    "Red Component" : 0.96862745098039216,
    "Color Space" : "sRGB",
    "Blue Component" : 0.55686274509803924,
    "Alpha Component" : 1,
    "Green Component" : 0.46274509803921571
  },
  "Ansi 7 Color" : {
    "Red Component" : 0.66274509803921566,
    "Color Space" : "sRGB",
    "Blue Component" : 0.83921568627450982,
    "Alpha Component" : 1,
    "Green Component" : 0.69411764705882351
  },
  "Link Color" : {
    "Red Component" : 0.45098039215686281,
    "Color Space" : "sRGB",
    "Blue Component" : 0.792156862745098,
    "Alpha Component" : 1,
    "Green Component" : 0.85490196078431369
  },
  "Cursor Guide Color" : {
    "Red Component" : 0.75294117647058822,
    "Color Space" : "sRGB",
    "Blue Component" : 0.96078431372549022,
    "Alpha Component" : 0.25,
    "Green Component" : 0.792156862745098
  },
  "Non-ASCII Anti Aliased" : true,
  "Use Bright Bold" : true,
  "Ansi 10 Color" : {
    "Red Component" : 0.61960784313725492,
    "Color Space" : "sRGB",
    "Blue Component" : 0.41568627450980389,
    "Alpha Component" : 1,
    "Green Component" : 0.80784313725490198
  },
  "Ambiguous Double Width" : false,
  "Jobs to Ignore" : [
    "rlogin",
    "ssh",
    "slogin",
    "telnet"
  ],
  "Ansi 15 Color" : {
    "Red Component" : 0.75294117647058822,
    "Color Space" : "sRGB",
    "Blue Component" : 0.96078431372549022,
    "Alpha Component" : 1,
    "Green Component" : 0.792156862745098
  },
  "Foreground Color" : {
    "Red Component" : 0.75294117647058822,
    "Color Space" : "sRGB",
    "Blue Component" : 0.96078431372549022,
    "Alpha Component" : 1,
    "Green Component" : 0.792156862745098
  },
  "Working Directory" : "\/Users\/dean",
  "Blinking Cursor" : false,
  "Space" : 0,
  "Sync Title" : false,
  "Prompt Before Closing 2" : false,
  "BM Growl" : false,
  "Command" : "",
  "Description" : "Default",
  "Mouse Reporting" : true,
  "Screen" : -1,
  "Selection Color" : {
    "Red Component" : 0.1803921568627451,
    "Color Space" : "sRGB",
    "Blue Component" : 0.39215686274509798,
    "Alpha Component" : 1,
    "Green Component" : 0.23529411764705879
  },
  "Only The Default BG Color Uses Transparency" : false,
  "Columns" : 80,
  "Idle Code" : 0,
  "Ansi 13 Color" : {
    "Red Component" : 0.73333333333333328,
    "Color Space" : "sRGB",
    "Blue Component" : 0.96862745098039216,
    "Alpha Component" : 1,
    "Green Component" : 0.60392156862745094
  },
  "Brighten Bold Text" : true,
  "Custom Command" : "No",
  "ASCII Anti Aliased" : true,
  "Non Ascii Font" : "Monaco 12",
  "Vertical Spacing" : 1,
  "Use Bold Font" : true,
  "Option Key Sends" : 0,
  "Selected Text Color" : {
    "Red Component" : 0.75294117647058822,
    "Color Space" : "sRGB",
    "Blue Component" : 0.96078431372549022,
    "Alpha Component" : 1,
    "Green Component" : 0.792156862745098
  },
  "Background Color" : {
    "Red Component" : 0.14117647058823529,
    "Color Space" : "sRGB",
    "Blue Component" : 0.23137254901960791,
    "Alpha Component" : 1,
    "Green Component" : 0.15686274509803921
  },
  "Character Encoding" : 4,
  "Ansi 11 Color" : {
    "Red Component" : 0.8784313725490196,
    "Color Space" : "sRGB",
    "Blue Component" : 0.40784313725490201,
    "Alpha Component" : 1,
    "Green Component" : 0.68627450980392157
  },
  "Use Italic Font" : true,
  "Unlimited Scrollback" : true,
  "Keyboard Map" : {
    "0x6c-0x100000-0x25" : {
      "Version" : 1,
      "Action" : 39,
      "Text" : "",
      "Label" : ""
    },
    "0x68-0x100000-0x4" : {
      "Version" : 1,
      "Action" : 32,
      "Text" : "",
      "Label" : ""
    },
    "0x73-0x100000-0x1" : {
      "Version" : 1,
      "Action" : 29,
      "Text" : "19C29D11-7798-421F-98A2-4A38AF5F5A7D",
      "Label" : ""
    },
    "0x78-0x100000-0x7" : {
      "Version" : 1,
      "Action" : 28,
      "Text" : "19C29D11-7798-421F-98A2-4A38AF5F5A7D",
      "Label" : ""
    }
  },
  "Window Type" : 12,
  "Blur Radius" : 0.10000000000000001,
  "Cursor Boost" : 0,
  "Background Image Location" : "",
  "Blur" : false,
  "Badge Color" : {
    "Red Component" : 1,
    "Color Space" : "sRGB",
    "Blue Component" : 0,
    "Alpha Component" : 0.5,
    "Green Component" : 0.1491314172744751
  },
  "Scrollback Lines" : 0,
  "Send Code When Idle" : false,
  "Close Sessions On End" : true,
  "Terminal Type" : "xterm-256color",
  "Visual Bell" : false,
  "Flashing Bell" : false,
  "Scrollback in Alternate Screen" : false,
  "Silence Bell" : true,
  "Ansi 14 Color" : {
    "Red Component" : 0.49019607843137247,
    "Color Space" : "sRGB",
    "Blue Component" : 1,
    "Alpha Component" : 1,
    "Green Component" : 0.81176470588235294
  },
  "ASCII Ligatures" : true,
  "Name" : "Default",
  "Cursor Text Color" : {
    "Red Component" : 0.14117647058823529,
    "Color Space" : "sRGB",
    "Blue Component" : 0.23137254901960791,
    "Alpha Component" : 1,
    "Green Component" : 0.15686274509803921
  },
  "Shortcut" : "",
  "Cursor Color" : {
    "Red Component" : 0.75294117647058822,
    "Color Space" : "sRGB",
    "Blue Component" : 0.96078431372549022,
    "Alpha Component" : 1,
    "Green Component" : 0.792156862745098
  },
  "Enable Triggers in Interactive Apps" : false,
  "Ansi 1 Color" : {
    "Red Component" : 0.96862745098039216,
    "Color Space" : "sRGB",
    "Blue Component" : 0.55686274509803924,
    "Alpha Component" : 1,
    "Green Component" : 0.46274509803921571
  },
  "Horizontal Spacing" : 0.90000000000000002,
  "Ansi 2 Color" : {
    "Red Component" : 0.61960784313725492,
    "Color Space" : "sRGB",
    "Blue Component" : 0.41568627450980389,
    "Alpha Component" : 1,
    "Green Component" : 0.80784313725490198
  },
  "Custom Directory" : "No",
  "Scrollback With Status Bar" : false,
  "Ansi 6 Color" : {
    "Red Component" : 0.49019607843137247,
    "Color Space" : "sRGB",
    "Blue Component" : 1,
    "Alpha Component" : 1,
    "Green Component" : 0.81176470588235294
  },
  "Ansi 0 Color" : {
    "Red Component" : 0.1137254901960784,
    "Color Space" : "sRGB",
    "Blue Component" : 0.18431372549019609,
    "Alpha Component" : 1,
    "Green Component" : 0.1254901960784314
  },
  "Normal Font" : "FiraCodeNF-Ret 14",
  "Transparency" : 0,
  "Guid" : "19C29D11-7798-421F-98A2-4A38AF5F5A7D",
  "Ansi 3 Color" : {
    "Red Component" : 0.8784313725490196,
    "Color Space" : "sRGB",
    "Blue Component" : 0.40784313725490201,
    "Alpha Component" : 1,
    "Green Component" : 0.68627450980392157
  }
}