{
  "Use libtickit protocol" : false,
  "Tags" : [

  ],
  "Ansi 12 Color" : {
    "Red Component" : 0.83921568627450982,
    "Color Space" : "sRGB",
    "Blue Component" : 0.99607843137254903,
    "Alpha Component" : 1,
    "Green Component" : 0.59607843137254901
  },
  "Ansi 5 Color" : {
    "Red Component" : 0.36470588235294116,
    "Color Space" : "sRGB",
    "Blue Component" : 0.47843137254901963,
    "Alpha Component" : 1,
    "Green Component" : 0.30196078431372547
  },
  "Use Non-ASCII Font" : false,
  "Bold Color" : {
    "Green Component" : 0.90237069129943848,
    "Red Component" : 0.90237069129943848,
    "Blue Component" : 0.90237069129943848
  },
  "Right Option Key Sends" : 0,
  "Ansi 8 Color" : {
    "Red Component" : 0.26666666666666666,
    "Color Space" : "sRGB",
    "Blue Component" : 0.33333333333333331,
    "Alpha Component" : 1,
    "Green Component" : 0.25490196078431371
  },
  "Ansi 9 Color" : {
    "Red Component" : 0.96078431372549022,
    "Color Space" : "sRGB",
    "Blue Component" : 0.23529411764705882,
    "Alpha Component" : 1,
    "Green Component" : 0.30588235294117649
  },
  "Rows" : 25,
  "Default Bookmark" : "No",
  "Ansi 7 Color" : {
    "Red Component" : 0.69803921568627447,
    "Color Space" : "sRGB",
    "Blue Component" : 0.69803921568627447,
    "Alpha Component" : 1,
    "Green Component" : 0.69803921568627447
  },
  "Custom Directory" : "No",
  "Cursor Guide Color" : {
    "Red Component" : 0.70213186740875244,
    "Color Space" : "sRGB",
    "Blue Component" : 1,
    "Alpha Component" : 0.25,
    "Green Component" : 0.9268307089805603
  },
  "Non-ASCII Anti Aliased" : true,
  "Use Bright Bold" : true,
  "Ansi 10 Color" : {
    "Red Component" : 0.45490196078431372,
    "Color Space" : "sRGB",
    "Blue Component" : 0.67450980392156867,
    "Alpha Component" : 1,
    "Green Component" : 0.72941176470588232
  },
  "Ambiguous Double Width" : false,
  "Jobs to Ignore" : [
    "rlogin",
    "ssh",
    "slogin",
    "telnet"
  ],
  "Ansi 15 Color" : {
    "Red Component" : 0.80392156862745101,
    "Color Space" : "sRGB",
    "Blue Component" : 0.80392156862745101,
    "Alpha Component" : 1,
    "Green Component" : 0.80392156862745101
  },
  "Foreground Color" : {
    "Green Component" : 0.90032327175140381,
    "Red Component" : 0.90032327175140381,
    "Blue Component" : 0.90032327175140381
  },
  "Working Directory" : "\/Users\/dean",
  "Blinking Cursor" : false,
  "Space" : 0,
  "Sync Title" : false,
  "Prompt Before Closing 2" : false,
  "BM Growl" : false,
  "Command" : "",
  "Description" : "Default",
  "Mouse Reporting" : true,
  "Screen" : -1,
  "Selection Color" : {
    "Red Component" : 0.26666666666666666,
    "Color Space" : "sRGB",
    "Blue Component" : 0.33333333333333331,
    "Alpha Component" : 1,
    "Green Component" : 0.25490196078431371
  },
  "Only The Default BG Color Uses Transparency" : false,
  "Columns" : 80,
  "Idle Code" : 0,
  "Ansi 13 Color" : {
    "Red Component" : 0.36470588235294116,
    "Color Space" : "sRGB",
    "Blue Component" : 0.47843137254901963,
    "Alpha Component" : 1,
    "Green Component" : 0.30196078431372547
  },
  "Brighten Bold Text" : true,
  "Custom Command" : "No",
  "ASCII Anti Aliased" : true,
  "Non Ascii Font" : "Monaco 12",
  "Vertical Spacing" : 1,
  "Use Bold Font" : true,
  "Option Key Sends" : 0,
  "Selected Text Color" : {
    "Green Component" : 1,
    "Red Component" : 1,
    "Blue Component" : 1
  },
  "Background Color" : {
    "Red Component" : 0.16078431372549021,
    "Color Space" : "sRGB",
    "Blue Component" : 0.1803921568627451,
    "Alpha Component" : 1,
    "Green Component" : 0.16862745098039217
  },
  "Character Encoding" : 4,
  "Ansi 11 Color" : {
    "Red Component" : 0.89803921568627454,
    "Color Space" : "sRGB",
    "Blue Component" : 0.10980392156862745,
    "Alpha Component" : 1,
    "Green Component" : 0.81960784313725488
  },
  "Use Italic Font" : true,
  "Unlimited Scrollback" : true,
  "Keyboard Map" : {
    "0x6c-0x100000" : {
      "Action" : 0,
      "Text" : ""
    },
    "0x6a-0x100000-0x26" : {
      "Label" : "",
      "Text" : "",
      "Action" : 21
    },
    "0x6b-0x100000-0x28" : {
      "Version" : 0,
      "Action" : 20,
      "Text" : "",
      "Label" : ""
    },
    "0x68-0x100000" : {
      "Action" : 2,
      "Text" : ""
    }
  },
  "Window Type" : 0,
  "Blur Radius" : 26.335631443298968,
  "Cursor Boost" : 0,
  "Background Image Location" : "",
  "Blur" : true,
  "Semantic History" : {
    "action" : "best editor",
    "text" : "\/usr\/local\/bin\/rubymine \\1 --line \\2",
    "editor" : "com.github.atom"
  },
  "Badge Color" : {
    "Red Component" : 1,
    "Color Space" : "sRGB",
    "Blue Component" : 0,
    "Alpha Component" : 0.5,
    "Green Component" : 0.1491314172744751
  },
  "Scrollback Lines" : 0,
  "Send Code When Idle" : false,
  "Close Sessions On End" : true,
  "Terminal Type" : "xterm-256color",
  "Visual Bell" : false,
  "Flashing Bell" : false,
  "Scrollback in Alternate Screen" : false,
  "Silence Bell" : true,
  "Ansi 14 Color" : {
    "Red Component" : 0.30980392156862746,
    "Color Space" : "sRGB",
    "Blue Component" : 0.84313725490196079,
    "Alpha Component" : 1,
    "Green Component" : 0.59215686274509804
  },
  "ASCII Ligatures" : true,
  "Name" : "Default",
  "Cursor Text Color" : {
    "Green Component" : 1,
    "Red Component" : 1,
    "Blue Component" : 1
  },
  "Shortcut" : "",
  "Cursor Color" : {
    "Green Component" : 0.73333334922790527,
    "Red Component" : 0.73333334922790527,
    "Blue Component" : 0.73333334922790527
  },
  "Transparency" : 0,
  "Ansi 1 Color" : {
    "Red Component" : 0.80784313725490198,
    "Color Space" : "sRGB",
    "Blue Component" : 0.47843137254901963,
    "Alpha Component" : 1,
    "Green Component" : 0.32549019607843138
  },
  "Ansi 2 Color" : {
    "Red Component" : 0.17647058823529413,
    "Color Space" : "sRGB",
    "Blue Component" : 0.45490196078431372,
    "Alpha Component" : 1,
    "Green Component" : 0.58431372549019611
  },
  "Ansi 3 Color" : {
    "Red Component" : 0.89803921568627454,
    "Color Space" : "sRGB",
    "Blue Component" : 0.10980392156862745,
    "Alpha Component" : 1,
    "Green Component" : 0.81960784313725488
  },
  "Ansi 4 Color" : {
    "Red Component" : 0.83921568627450982,
    "Color Space" : "sRGB",
    "Blue Component" : 0.99607843137254903,
    "Alpha Component" : 1,
    "Green Component" : 0.59607843137254901
  },
  "Scrollback With Status Bar" : false,
  "Ansi 6 Color" : {
    "Red Component" : 0.30980392156862746,
    "Color Space" : "sRGB",
    "Blue Component" : 0.84313725490196079,
    "Alpha Component" : 1,
    "Green Component" : 0.59215686274509804
  },
  "Ansi 0 Color" : {
    "Red Component" : 0.16078431372549021,
    "Color Space" : "sRGB",
    "Blue Component" : 0.1803921568627451,
    "Alpha Component" : 1,
    "Green Component" : 0.16862745098039217
  },
  "Normal Font" : "FiraCodeNerdFontCompleteM-Regular 16",
  "Guid" : "704EAE60-C77B-4981-B4CF-EA3CC5556B60",
  "Horizontal Spacing" : 0.90000000000000002,
  "Link Color" : {
    "Red Component" : 0,
    "Color Space" : "sRGB",
    "Blue Component" : 0.73423302173614502,
    "Alpha Component" : 1,
    "Green Component" : 0.35916060209274292
  }
}