{
  "ASCII Anti Aliased": true,
  "ASCII Ligatures": true,
  "Ambiguous Double Width": false,
  "Ansi 0 Color": {
    "Alpha Component": 1,
    "Blue Component": 0.11764705926179886,
    "Color Space": "sRGB",
    "Green Component": 0.08627451211214066,
    "Red Component": 0.08235294371843338
  },
  "Ansi 1 Color": {
    "Alpha Component": 1,
    "Blue Component": 0.5568627715110779,
    "Color Space": "sRGB",
    "Green Component": 0.4627451002597809,
    "Red Component": 0.9686274528503418
  },
  "Ansi 10 Color": {
    "Alpha Component": 1,
    "Blue Component": 0.4156862795352936,
    "Color Space": "sRGB",
    "Green Component": 0.8078431487083435,
    "Red Component": 0.6196078658103943
  },
  "Ansi 11 Color": {
    "Alpha Component": 1,
    "Blue Component": 0.40784314274787903,
    "Color Space": "sRGB",
    "Green Component": 0.686274528503418,
    "Red Component": 0.8784313797950745
  },
  "Ansi 12 Color": {
    "Alpha Component": 1,
    "Blue Component": 0.9686274528503418,
    "Color Space": "sRGB",
    "Green Component": 0.6352941393852234,
    "Red Component": 0.47843137383461
  },
  "Ansi 13 Color": {
    "Alpha Component": 1,
    "Blue Component": 0.9686274528503418,
    "Color Space": "sRGB",
    "Green Component": 0.6039215922355652,
    "Red Component": 0.7333333492279053
  },
  "Ansi 14 Color": {
    "Alpha Component": 1,
    "Blue Component": 1,
    "Color Space": "sRGB",
    "Green Component": 0.8117647171020508,
    "Red Component": 0.4901960790157318
  },
  "Ansi 15 Color": {
    "Alpha Component": 1,
    "Blue Component": 0.9607843160629272,
    "Color Space": "sRGB",
    "Green Component": 0.7921568751335144,
    "Red Component": 0.7529411911964417
  },
  "Ansi 2 Color": {
    "Alpha Component": 1,
    "Blue Component": 0.4156862795352936,
    "Color Space": "sRGB",
    "Green Component": 0.8078431487083435,
    "Red Component": 0.6196078658103943
  },
  "Ansi 3 Color": {
    "Alpha Component": 1,
    "Blue Component": 0.40784314274787903,
    "Color Space": "sRGB",
    "Green Component": 0.686274528503418,
    "Red Component": 0.8784313797950745
  },
  "Ansi 4 Color": {
    "Alpha Component": 1,
    "Blue Component": 0.9686274528503418,
    "Color Space": "sRGB",
    "Green Component": 0.6352941393852234,
    "Red Component": 0.47843137383461
  },
  "Ansi 5 Color": {
    "Alpha Component": 1,
    "Blue Component": 0.9686274528503418,
    "Color Space": "sRGB",
    "Green Component": 0.6039215922355652,
    "Red Component": 0.7333333492279053
  },
  "Ansi 6 Color": {
    "Alpha Component": 1,
    "Blue Component": 1,
    "Color Space": "sRGB",
    "Green Component": 0.8117647171020508,
    "Red Component": 0.4901960790157318
  },
  "Ansi 7 Color": {
    "Alpha Component": 1,
    "Blue Component": 0.8392156958580017,
    "Color Space": "sRGB",
    "Green Component": 0.6941176652908325,
    "Red Component": 0.6627451181411743
  },
  "Ansi 8 Color": {
    "Alpha Component": 1,
    "Blue Component": 0.40784314274787903,
    "Color Space": "sRGB",
    "Green Component": 0.2823529541492462,
    "Red Component": 0.2549019753932953
  },
  "Ansi 9 Color": {
    "Alpha Component": 1,
    "Blue Component": 0.5568627715110779,
    "Color Space": "sRGB",
    "Green Component": 0.4627451002597809,
    "Red Component": 0.9686274528503418
  },
  "BM Growl": false,
  "Background Color": {
    "Alpha Component": 1,
    "Blue Component": 0.14901961386203766,
    "Color Space": "sRGB",
    "Green Component": 0.10588235408067703,
    "Red Component": 0.10196078568696976
  },
  "Background Image Location": "",
  "Badge Color": {
    "Alpha Component": 0.5,
    "Blue Component": 0,
    "Color Space": "sRGB",
    "Green Component": 0.1491314172744751,
    "Red Component": 1
  },
  "Blinking Cursor": false,
  "Blur": true,
  "Blur Radius": 26.33563144329897,
  "Bold Color": {
    "Alpha Component": 1,
    "Blue Component": 0.9333333373069763,
    "Color Space": "sRGB",
    "Green Component": 0.9333333373069763,
    "Red Component": 0.9333333373069763
  },
  "Brighten Bold Text": true,
  "Character Encoding": 4,
  "Close Sessions On End": true,
  "Columns": 80,
  "Command": "",
  "Cursor Boost": 0,
  "Cursor Color": {
    "Alpha Component": 1,
    "Blue Component": 0.9607843160629272,
    "Color Space": "sRGB",
    "Green Component": 0.7921568751335144,
    "Red Component": 0.7529411911964417
  },
  "Cursor Guide Color": {
    "Alpha Component": 0.25,
    "Blue Component": 1,
    "Color Space": "sRGB",
    "Green Component": 0.9268307089805603,
    "Red Component": 0.7021318674087524
  },
  "Cursor Text Color": {
    "Alpha Component": 1,
    "Blue Component": 0.11764705926179886,
    "Color Space": "sRGB",
    "Green Component": 0.08627451211214066,
    "Red Component": 0.08235294371843338
  },
  "Custom Command": "No",
  "Custom Directory": "No",
  "Default Bookmark": "No",
  "Description": "Default",
  "Flashing Bell": false,
  "Foreground Color": {
    "Alpha Component": 1,
    "Blue Component": 0.9607843160629272,
    "Color Space": "sRGB",
    "Green Component": 0.7921568751335144,
    "Red Component": 0.7529411911964417
  },
  "Guid": "704EAE60-C77B-4981-B4CF-EA3CC5556B60",
  "Horizontal Spacing": 0.9,
  "Idle Code": 0,
  "Jobs to Ignore": [
    "rlogin",
    "ssh",
    "slogin",
    "telnet"
  ],
  "Keyboard Map": {
    "0x68-0x100000": {
      "Action": 2,
      "Text": ""
    },
    "0x6a-0x100000-0x26": {
      "Action": 21,
      "Label": "",
      "Text": ""
    },
    "0x6b-0x100000-0x28": {
      "Action": 20,
      "Label": "",
      "Text": "",
      "Version": 0
    },
    "0x6c-0x100000": {
      "Action": 0,
      "Text": ""
    },
    "0x73-0x100000-0x1": {
      "Action": 28,
      "Label": "",
      "Text": "704EAE60-C77B-4981-B4CF-EA3CC5556B60",
      "Version": 1
    },
    "0x78-0x100000-0x7": {
      "Action": 29,
      "Label": "",
      "Text": "704EAE60-C77B-4981-B4CF-EA3CC5556B60",
      "Version": 1
    }
  },
  "Link Color": {
    "Alpha Component": 1,
    "Blue Component": 0.7921568751335144,
    "Color Space": "sRGB",
    "Green Component": 0.8549019694328308,
    "Red Component": 0.45098039507865906
  },
  "Mouse Reporting": true,
  "Name": "Default",
  "Non Ascii Font": "Monaco 12",
  "Non-ASCII Anti Aliased": true,
  "Normal Font": "FiraCodeNerdFontCompleteM-Regular 16",
  "Only The Default BG Color Uses Transparency": false,
  "Option Key Sends": 0,
  "Prompt Before Closing 2": false,
  "Right Option Key Sends": 0,
  "Rows": 25,
  "Screen": -1,
  "Scrollback Lines": 0,
  "Scrollback With Status Bar": false,
  "Scrollback in Alternate Screen": false,
  "Selected Text Color": {
    "Alpha Component": 1,
    "Blue Component": 0.9607843160629272,
    "Color Space": "sRGB",
    "Green Component": 0.7921568751335144,
    "Red Component": 0.7529411911964417
  },
  "Selection Color": {
    "Alpha Component": 1,
    "Blue Component": 0.48627451062202454,
    "Color Space": "sRGB",
    "Green Component": 0.27450981736183167,
    "Red Component": 0.20000000298023224
  },
  "Semantic History": {
    "action": "best editor",
    "editor": "com.github.atom",
    "text": "/usr/local/bin/rubymine \\1 --line \\2"
  },
  "Send Code When Idle": false,
  "Shortcut": "",
  "Silence Bell": true,
  "Space": 0,
  "Sync Title": false,
  "Tags": [],
  "Terminal Type": "xterm-256color",
  "Transparency": 0,
  "Unlimited Scrollback": true,
  "Use Bold Font": true,
  "Use Bright Bold": true,
  "Use Italic Font": true,
  "Use Non-ASCII Font": false,
  "Use libtickit protocol": false,
  "Vertical Spacing": 1,
  "Visual Bell": false,
  "Window Type": 0,
  "Working Directory": "/Users/dean"
}
